district,court-mandated,off-plan,ready,off_vs_ready_%
Al Qurm,9159.341430235892,7555.663148530815,9657.759472031275,-21.765879856379723
Khalifa City,4767.327377965748,13405.81929555896,13152.14753700558,1.9287478173403816
Yas Island,5871.290307784047,22652.776543646818,18992.25339474786,19.273769535484632
Al Sa`adah,5531.616934180761,9375.175433672035,7437.371886734269,26.054950276106894
Al Rahah,3870.954877079112,20103.871413757344,15911.211922540957,26.350346608587174
Zayed City,785.9632255738494,16024.357022674463,11779.327389640615,36.037962887143784
Bani Yas,2745.392095205844,12577.577414961914,7612.853332096925,65.21502341222009
Al Shamkhah,6055.268083232412,13667.258996001776,3149.333333333333,333.9730841236805
Al Bahyah,1643.30127832869,5223.6854571293225,210.91853480022684,2376.6365184913584
